customer_id,snapshot_date,score
100350,2026-01-01,0.223736
100479,2026-01-01,0.159427
100509,2026-01-01,0.28222
100562,2026-01-01,0.732975
100660,2026-01-01,0.895193
100782,2026-01-01,0.197149
100904,2026-01-01,0.225686
100980,2026-01-01,0.918402
101142,2026-01-01,0.106445
101173,2026-01-01,0.493634
101174,2026-01-01,0.721602
101235,2026-01-01,0.441573
101278,2026-01-01,0.349016
101586,2026-01-01,0.038521
101650,2026-01-01,0.100088
101693,2026-01-01,0.098556
101968,2026-01-01,0.211947
102110,2026-01-01,0.170938
102356,2026-01-01,0.131058
102421,2026-01-01,0.461411
102796,2026-01-01,0.249099
102797,2026-01-01,0.221567
102968,2026-01-01,0.504419
102975,2026-01-01,0.570322
103007,2026-01-01,0.43746
103032,2026-01-01,0.383462
103093,2026-01-01,0.608243
103145,2026-01-01,0.082602
103172,2026-01-01,0.474509
103338,2026-01-01,0.421655
103461,2026-01-01,0.124948
103791,2026-01-01,0.204767
103805,2026-01-01,0.502635
103854,2026-01-01,0.507852
103860,2026-01-01,0.339198
103881,2026-01-01,0.559153
103942,2026-01-01,0.221569
104059,2026-01-01,0.083997
104061,2026-01-01,0.340247
104118,2026-01-01,0.428504
104122,2026-01-01,0.513254
104151,2026-01-01,0.782747
104267,2026-01-01,0.283171
104298,2026-01-01,0.69115
104446,2026-01-01,0.643894
104540,2026-01-01,0.229604
104721,2026-01-01,0.167795
104726,2026-01-01,0.162041
104966,2026-01-01,0.210251
105008,2026-01-01,0.130871
105143,2026-01-01,0.870321
105292,2026-01-01,0.891457
105306,2026-01-01,0.452586
105445,2026-01-01,0.373761
105749,2026-01-01,0.344394
105984,2026-01-01,0.197318
106027,2026-01-01,0.371032
106039,2026-01-01,0.604082
106221,2026-01-01,0.187542
106650,2026-01-01,0.36604
106679,2026-01-01,0.874433
100098,2026-01-02,0.181267
100115,2026-01-02,0.306444
100181,2026-01-02,0.15309
100248,2026-01-02,0.042071
100310,2026-01-02,0.144658
100334,2026-01-02,0.74846
100375,2026-01-02,0.296544
100403,2026-01-02,0.663024
100515,2026-01-02,0.581493
100674,2026-01-02,0.351827
100741,2026-01-02,0.266774
101139,2026-01-02,0.438317
101241,2026-01-02,0.821972
101294,2026-01-02,0.467823
101500,2026-01-02,0.851772
101523,2026-01-02,0.417839
101550,2026-01-02,0.180045
101813,2026-01-02,0.477996
101814,2026-01-02,0.584918
101825,2026-01-02,0.840244
101870,2026-01-02,0.937969
102012,2026-01-02,0.158778
102160,2026-01-02,0.143096
102338,2026-01-02,0.547696
102386,2026-01-02,0.582357
102387,2026-01-02,0.013253
102610,2026-01-02,0.105082
102721,2026-01-02,0.44599
102973,2026-01-02,0.201113
103018,2026-01-02,0.482618
103202,2026-01-02,0.302188
103262,2026-01-02,0.429613
103282,2026-01-02,0.291602
103285,2026-01-02,0.134128
103332,2026-01-02,0.213674
103417,2026-01-02,0.280557
103420,2026-01-02,0.12133
103591,2026-01-02,0.34581
103685,2026-01-02,0.219694
103932,2026-01-02,0.320643
104132,2026-01-02,0.354094
104373,2026-01-02,0.308162
104449,2026-01-02,0.256689
104603,2026-01-02,0.46082
104703,2026-01-02,0.714399
104873,2026-01-02,0.241476
104916,2026-01-02,0.43851
104998,2026-01-02,0.264278
104999,2026-01-02,0.304892
105026,2026-01-02,0.508233
105100,2026-01-02,0.580206
105121,2026-01-02,0.461934
105177,2026-01-02,0.950739
105269,2026-01-02,0.290367
105367,2026-01-02,0.073853
105459,2026-01-02,0.076332
105566,2026-01-02,0.230146
105583,2026-01-02,0.46583
105665,2026-01-02,0.056762
105729,2026-01-02,0.497975
105941,2026-01-02,0.171717
106086,2026-01-02,0.706775
106088,2026-01-02,0.706426
106137,2026-01-02,0.333026
106190,2026-01-02,0.205229
106228,2026-01-02,0.867464
106267,2026-01-02,0.838774
106371,2026-01-02,0.181365
106436,2026-01-02,0.375459
106604,2026-01-02,0.728056
106718,2026-01-02,0.559483
100065,2026-01-03,0.639788
100374,2026-01-03,0.159819
100667,2026-01-03,0.115864
100755,2026-01-03,0.285441
100757,2026-01-03,0.332784
100758,2026-01-03,0.136384
100845,2026-01-03,0.299045
100939,2026-01-03,0.524991
101090,2026-01-03,0.690951
101132,2026-01-03,0.374199
101314,2026-01-03,0.448437
101516,2026-01-03,0.385829
101921,2026-01-03,0.21661
102001,2026-01-03,0.406413
102197,2026-01-03,0.132658
102209,2026-01-03,0.244841
102255,2026-01-03,0.171611
102422,2026-01-03,0.322665
102837,2026-01-03,0.278066
102841,2026-01-03,0.296176
102848,2026-01-03,0.706181
102957,2026-01-03,0.818202
102976,2026-01-03,0.806944
103521,2026-01-03,0.456062
103596,2026-01-03,0.503704
103768,2026-01-03,0.650208
103884,2026-01-03,0.714197
103938,2026-01-03,0.09321
104027,2026-01-03,0.273963
104136,2026-01-03,0.474082
104426,2026-01-03,0.204062
104497,2026-01-03,0.654017
104621,2026-01-03,0.941663
104636,2026-01-03,0.436626
104749,2026-01-03,0.103095
104800,2026-01-03,0.723615
104931,2026-01-03,0.344048
104950,2026-01-03,0.806699
105074,2026-01-03,0.321125
105162,2026-01-03,0.318209
105364,2026-01-03,0.53745
105432,2026-01-03,0.260201
105679,2026-01-03,0.101493
105820,2026-01-03,0.385757
106034,2026-01-03,0.852311
106146,2026-01-03,0.772393
106351,2026-01-03,0.492745
106542,2026-01-03,0.261953
100278,2026-01-04,0.954707
100386,2026-01-04,0.101741
100392,2026-01-04,0.13416
100434,2026-01-04,0.618774
100703,2026-01-04,0.337966
100917,2026-01-04,0.187304
101112,2026-01-04,0.834128
101200,2026-01-04,0.490526
101245,2026-01-04,0.043481
101524,2026-01-04,0.430331
101746,2026-01-04,0.71501
101863,2026-01-04,0.462763
101865,2026-01-04,0.501485
101938,2026-01-04,0.479584
102051,2026-01-04,0.367757
102345,2026-01-04,0.121223
102511,2026-01-04,0.925868
102594,2026-01-04,0.197084
102630,2026-01-04,0.260511
102809,2026-01-04,0.237804
102821,2026-01-04,0.263483
102931,2026-01-04,0.308054
102977,2026-01-04,0.118401
103071,2026-01-04,0.471073
103196,2026-01-04,0.191846
103222,2026-01-04,0.734898
103701,2026-01-04,0.863764
103798,2026-01-04,0.639822
103958,2026-01-04,0.233175
103971,2026-01-04,0.731193
103972,2026-01-04,0.298534
104311,2026-01-04,0.374336
104404,2026-01-04,0.387942
104428,2026-01-04,0.654336
104433,2026-01-04,0.355947
104472,2026-01-04,0.227338
104624,2026-01-04,0.160971
104705,2026-01-04,0.271727
104735,2026-01-04,0.431307
104747,2026-01-04,0.125531
104790,2026-01-04,0.334693
104977,2026-01-04,0.210835
105256,2026-01-04,0.3119
105281,2026-01-04,0.953293
105389,2026-01-04,0.060504
105830,2026-01-04,0.331168
105882,2026-01-04,0.655058
105891,2026-01-04,0.571031
106052,2026-01-04,0.396211
106195,2026-01-04,0.445929
106581,2026-01-04,0.918518
106631,2026-01-04,0.207831
106638,2026-01-04,0.034356
106642,2026-01-04,0.024003
106743,2026-01-04,0.574692
106772,2026-01-04,0.552906
100396,2026-01-05,0.148334
100424,2026-01-05,0.462964
100557,2026-01-05,0.766651
100908,2026-01-05,0.691068
100918,2026-01-05,0.055349
100987,2026-01-05,0.647304
101114,2026-01-05,0.511331
101219,2026-01-05,0.23412
101288,2026-01-05,0.566589
101373,2026-01-05,0.252013
101386,2026-01-05,0.537541
101443,2026-01-05,0.521521
101610,2026-01-05,0.896972
101779,2026-01-05,0.306473
101830,2026-01-05,0.127763
101954,2026-01-05,0.164585
102006,2026-01-05,0.182971
102014,2026-01-05,0.893717
102280,2026-01-05,0.15692
102307,2026-01-05,0.891998
102653,2026-01-05,0.274709
102665,2026-01-05,0.311169
102913,2026-01-05,0.151516
102941,2026-01-05,0.075904
103156,2026-01-05,0.672268
103287,2026-01-05,0.39358
103397,2026-01-05,0.128744
103403,2026-01-05,0.479906
103432,2026-01-05,0.489097
103621,2026-01-05,0.650082
103722,2026-01-05,0.716134
103730,2026-01-05,0.099497
104079,2026-01-05,0.300621
104369,2026-01-05,0.228568
104385,2026-01-05,0.556672
104593,2026-01-05,0.584914
104599,2026-01-05,0.396754
104903,2026-01-05,0.321425
105066,2026-01-05,0.687123
105105,2026-01-05,0.490209
105137,2026-01-05,0.354073
105174,2026-01-05,0.577138
105192,2026-01-05,0.192713
105534,2026-01-05,0.202671
105559,2026-01-05,0.065455
105736,2026-01-05,0.635847
106168,2026-01-05,0.227889
106331,2026-01-05,0.277452
106361,2026-01-05,0.065246
106457,2026-01-05,0.195403
106574,2026-01-05,0.134461
100017,2026-01-06,0.067994
100026,2026-01-06,0.358508
100095,2026-01-06,0.108498
100096,2026-01-06,0.312573
100129,2026-01-06,0.142193
100229,2026-01-06,0.273917
100536,2026-01-06,0.414945
100628,2026-01-06,0.22758
100675,2026-01-06,0.087495
100742,2026-01-06,0.172689
100762,2026-01-06,0.716451
100821,2026-01-06,0.655052
100889,2026-01-06,0.420869
100983,2026-01-06,0.681086
101108,2026-01-06,0.952675
101117,2026-01-06,0.587263
101180,2026-01-06,0.100693
101208,2026-01-06,0.58482
101451,2026-01-06,0.344646
101570,2026-01-06,0.1315
101895,2026-01-06,0.61856
102174,2026-01-06,0.343101
102201,2026-01-06,0.360561
102243,2026-01-06,0.087222
102304,2026-01-06,0.693232
102385,2026-01-06,0.215287
102450,2026-01-06,0.909652
102861,2026-01-06,0.689125
102891,2026-01-06,0.429907
102935,2026-01-06,0.058967
102997,2026-01-06,0.15833
103092,2026-01-06,0.319282
103106,2026-01-06,0.796133
103169,2026-01-06,0.112513
103326,2026-01-06,0.920524
103445,2026-01-06,0.775257
103482,2026-01-06,0.31448
104129,2026-01-06,0.298241
104182,2026-01-06,0.47159
104303,2026-01-06,0.71017
104477,2026-01-06,0.657543
104610,2026-01-06,0.471452
104623,2026-01-06,0.122775
104634,2026-01-06,0.600667
104688,2026-01-06,0.375505
104692,2026-01-06,0.549544
104797,2026-01-06,0.289728
105061,2026-01-06,0.202793
105180,2026-01-06,0.254897
105245,2026-01-06,0.544676
105299,2026-01-06,0.507101
105336,2026-01-06,0.447581
105390,2026-01-06,0.301961
105548,2026-01-06,0.326528
105658,2026-01-06,0.94677
105795,2026-01-06,0.124144
105845,2026-01-06,0.482914
105883,2026-01-06,0.242983
105976,2026-01-06,0.259712
106107,2026-01-06,0.728972
106198,2026-01-06,0.288064
106332,2026-01-06,0.355175
106348,2026-01-06,0.257648
106509,2026-01-06,0.470537
106531,2026-01-06,0.436281
106637,2026-01-06,0.096726
106645,2026-01-06,0.5047
106694,2026-01-06,0.066621
106737,2026-01-06,0.036721
106756,2026-01-06,0.496548
100069,2026-01-07,0.485846
100219,2026-01-07,0.207594
100461,2026-01-07,0.338955
100691,2026-01-07,0.214817
100976,2026-01-07,0.121632
101010,2026-01-07,0.813277
101121,2026-01-07,0.609908
101253,2026-01-07,0.428274
101297,2026-01-07,0.564441
101325,2026-01-07,0.511658
101378,2026-01-07,0.182794
101423,2026-01-07,0.248745
101448,2026-01-07,0.864645
101476,2026-01-07,0.918196
101511,2026-01-07,0.623777
101676,2026-01-07,0.088946
101704,2026-01-07,0.195066
101724,2026-01-07,0.220345
101964,2026-01-07,0.290615
102081,2026-01-07,0.31502
102333,2026-01-07,0.926338
102499,2026-01-07,0.467022
102526,2026-01-07,0.246207
102704,2026-01-07,0.624476
102731,2026-01-07,0.180922
102799,2026-01-07,0.587848
102808,2026-01-07,0.121599
102939,2026-01-07,0.070247
102984,2026-01-07,0.506179
102992,2026-01-07,0.039674
103207,2026-01-07,0.383563
103274,2026-01-07,0.039267
103280,2026-01-07,0.356067
103415,2026-01-07,0.869756
103544,2026-01-07,0.56694
103636,2026-01-07,0.579311
103650,2026-01-07,0.46379
103734,2026-01-07,0.068334
103784,2026-01-07,0.552333
103806,2026-01-07,0.493851
103811,2026-01-07,0.183144
103870,2026-01-07,0.34272
103880,2026-01-07,0.746431
103991,2026-01-07,0.017544
104034,2026-01-07,0.415089
104055,2026-01-07,0.149544
104147,2026-01-07,0.254393
104247,2026-01-07,0.630714
104447,2026-01-07,0.216447
104536,2026-01-07,0.604109
104635,2026-01-07,0.299518
104758,2026-01-07,0.10987
104867,2026-01-07,0.740321
105170,2026-01-07,0.038857
105334,2026-01-07,0.469928
105512,2026-01-07,0.23275
105707,2026-01-07,0.271182
105868,2026-01-07,0.183715
105940,2026-01-07,0.192308
106139,2026-01-07,0.136451
106186,2026-01-07,0.492705
106286,2026-01-07,0.187727
106406,2026-01-07,0.1798
100009,2026-01-08,0.443373
100015,2026-01-08,0.456987
100104,2026-01-08,0.339628
100158,2026-01-08,0.189801
100190,2026-01-08,0.140791
100280,2026-01-08,0.4637
100325,2026-01-08,0.337468
100405,2026-01-08,0.133727
100428,2026-01-08,0.278218
100530,2026-01-08,0.714661
100776,2026-01-08,0.229827
100813,2026-01-08,0.80169
100833,2026-01-08,0.07618
100966,2026-01-08,0.58701
101003,2026-01-08,0.712657
101047,2026-01-08,0.211658
101057,2026-01-08,0.166579
101344,2026-01-08,0.918215
101362,2026-01-08,0.062204
101578,2026-01-08,0.313763
101882,2026-01-08,0.054226
102064,2026-01-08,0.298098
102140,2026-01-08,0.249939
102187,2026-01-08,0.617342
102223,2026-01-08,0.649573
102273,2026-01-08,0.652553
102314,2026-01-08,0.233845
102453,2026-01-08,0.860454
102554,2026-01-08,0.444663
102562,2026-01-08,0.208541
102805,2026-01-08,0.141725
102810,2026-01-08,0.236873
102857,2026-01-08,0.188094
103299,2026-01-08,0.113103
103303,2026-01-08,0.588341
103440,2026-01-08,0.144451
103543,2026-01-08,0.330543
103742,2026-01-08,0.194907
104159,2026-01-08,0.070344
104190,2026-01-08,0.894883
104271,2026-01-08,0.316744
104301,2026-01-08,0.181676
104502,2026-01-08,0.598684
104578,2026-01-08,0.444927
104767,2026-01-08,0.198409
104782,2026-01-08,0.392541
104809,2026-01-08,0.4899
104824,2026-01-08,0.061009
104914,2026-01-08,0.270864
104924,2026-01-08,0.436232
104995,2026-01-08,0.69549
105112,2026-01-08,0.028122
105278,2026-01-08,0.312217
105345,2026-01-08,0.529709
105406,2026-01-08,0.742186
105509,2026-01-08,0.508282
105528,2026-01-08,0.432214
105531,2026-01-08,0.319836
105619,2026-01-08,0.561918
105660,2026-01-08,0.950282
105682,2026-01-08,0.428299
105774,2026-01-08,0.715847
105892,2026-01-08,0.268579
106013,2026-01-08,0.640297
106103,2026-01-08,0.524201
106134,2026-01-08,0.761771
106141,2026-01-08,0.186953
106210,2026-01-08,0.437825
106759,2026-01-08,0.55797
106791,2026-01-08,0.821478
100344,2026-01-09,0.260033
100611,2026-01-09,0.538901
100677,2026-01-09,0.373117
100834,2026-01-09,0.438512
100923,2026-01-09,0.123927
101172,2026-01-09,0.120503
101184,2026-01-09,0.67419
101310,2026-01-09,0.154722
101406,2026-01-09,0.800906
101487,2026-01-09,0.142331
101807,2026-01-09,0.073292
101815,2026-01-09,0.9202
102238,2026-01-09,0.129679
102269,2026-01-09,0.390527
102300,2026-01-09,0.672379
102708,2026-01-09,0.314475
102883,2026-01-09,0.253634
103083,2026-01-09,0.295447
103174,2026-01-09,0.058069
103238,2026-01-09,0.621456
103241,2026-01-09,0.55105
103576,2026-01-09,0.841629
103738,2026-01-09,0.436925
103826,2026-01-09,0.232362
104305,2026-01-09,0.847524
104520,2026-01-09,0.377131
104538,2026-01-09,0.007188
104612,2026-01-09,0.808097
105029,2026-01-09,0.65169
105097,2026-01-09,0.25208
105249,2026-01-09,0.183839
105360,2026-01-09,0.369593
105383,2026-01-09,0.122186
105446,2026-01-09,0.255442
105773,2026-01-09,0.088425
105793,2026-01-09,0.332828
106024,2026-01-09,0.207496
106083,2026-01-09,0.625602
106390,2026-01-09,0.866227
106501,2026-01-09,0.241717
100016,2026-01-10,0.647782
100020,2026-01-10,0.828644
100186,2026-01-10,0.341301
100274,2026-01-10,0.185497
100829,2026-01-10,0.093618
100843,2026-01-10,0.185899
100879,2026-01-10,0.274136
100946,2026-01-10,0.373896
101105,2026-01-10,0.115821
101272,2026-01-10,0.426862
101329,2026-01-10,0.047536
101345,2026-01-10,0.431436
101382,2026-01-10,0.084905
101392,2026-01-10,0.203462
101527,2026-01-10,0.9057
101584,2026-01-10,0.352815
101696,2026-01-10,0.027959
101837,2026-01-10,0.48433
101879,2026-01-10,0.964788
101919,2026-01-10,0.054776
102373,2026-01-10,0.307929
102465,2026-01-10,0.366996
102584,2026-01-10,0.081765
102685,2026-01-10,0.313037
102716,2026-01-10,0.298817
102876,2026-01-10,0.189224
102924,2026-01-10,0.467768
103064,2026-01-10,0.061021
103693,2026-01-10,0.073366
103871,2026-01-10,0.10069
103989,2026-01-10,0.064726
104063,2026-01-10,0.124956
104226,2026-01-10,0.408043
104241,2026-01-10,0.240037
104287,2026-01-10,0.795808
104390,2026-01-10,0.428301
104419,2026-01-10,0.943153
104494,2026-01-10,0.004413
104511,2026-01-10,0.436616
104526,2026-01-10,0.378669
104558,2026-01-10,0.047585
104708,2026-01-10,0.645261
105152,2026-01-10,0.897413
105371,2026-01-10,0.091689
105394,2026-01-10,0.016169
105895,2026-01-10,0.212707
105996,2026-01-10,0.505443
106342,2026-01-10,0.232982
106466,2026-01-10,0.637216
106547,2026-01-10,0.412655
106548,2026-01-10,0.477482
106628,2026-01-10,0.537881
106701,2026-01-10,0.162011
100100,2026-01-11,0.770171
100257,2026-01-11,0.242673
100270,2026-01-11,0.180809
100271,2026-01-11,0.153791
100779,2026-01-11,0.36517
101087,2026-01-11,0.068161
101368,2026-01-11,0.581893
101627,2026-01-11,0.284468
101809,2026-01-11,0.171834
102035,2026-01-11,0.066762
102069,2026-01-11,0.624244
102216,2026-01-11,0.658337
102344,2026-01-11,0.98308
102539,2026-01-11,0.142948
102555,2026-01-11,0.733107
102563,2026-01-11,0.28519
102590,2026-01-11,0.200888
102787,2026-01-11,0.222111
102990,2026-01-11,0.699431
103308,2026-01-11,0.664901
103611,2026-01-11,0.347494
103648,2026-01-11,0.078468
103807,2026-01-11,0.115915
104042,2026-01-11,0.271538
104098,2026-01-11,0.719831
104124,2026-01-11,0.21821
104157,2026-01-11,0.133515
104180,2026-01-11,0.417228
104304,2026-01-11,0.028299
104579,2026-01-11,0.233408
104670,2026-01-11,0.717077
104697,2026-01-11,0.310271
104734,2026-01-11,0.082881
105000,2026-01-11,0.321797
105059,2026-01-11,0.592412
105102,2026-01-11,0.241376
105127,2026-01-11,0.52031
105363,2026-01-11,0.19028
105526,2026-01-11,0.38711
105539,2026-01-11,0.515959
105584,2026-01-11,0.719522
105634,2026-01-11,0.13668
105667,2026-01-11,0.67338
105877,2026-01-11,0.037004
106193,2026-01-11,0.183352
106246,2026-01-11,0.423756
106326,2026-01-11,0.458132
106422,2026-01-11,0.487399
106477,2026-01-11,0.199076
106559,2026-01-11,0.925025
106587,2026-01-11,0.108403
100137,2026-01-12,0.385781
100166,2026-01-12,0.082086
100255,2026-01-12,0.080557
100303,2026-01-12,0.530534
100406,2026-01-12,0.865758
100549,2026-01-12,0.602683
100692,2026-01-12,0.111255
100721,2026-01-12,0.754689
100773,2026-01-12,0.218479
100844,2026-01-12,0.922487
100866,2026-01-12,0.027008
100910,2026-01-12,0.051966
101028,2026-01-12,0.151312
101034,2026-01-12,0.325449
101050,2026-01-12,0.52934
101061,2026-01-12,0.749089
101158,2026-01-12,0.074524
101346,2026-01-12,0.718865
101683,2026-01-12,0.845779
101712,2026-01-12,0.901877
102478,2026-01-12,0.376321
102506,2026-01-12,0.048293
102649,2026-01-12,0.344384
102664,2026-01-12,0.290151
102756,2026-01-12,0.922863
102855,2026-01-12,0.26588
102870,2026-01-12,0.748535
103011,2026-01-12,0.249648
103242,2026-01-12,0.295086
103325,2026-01-12,0.177575
103515,2026-01-12,0.370353
103567,2026-01-12,0.532058
103570,2026-01-12,0.234957
103626,2026-01-12,0.104806
103672,2026-01-12,0.637395
103949,2026-01-12,0.058834
104033,2026-01-12,0.324029
104087,2026-01-12,0.133056
104117,2026-01-12,0.339543
104150,2026-01-12,0.832371
104415,2026-01-12,0.748387
104661,2026-01-12,0.444326
105016,2026-01-12,0.152128
105160,2026-01-12,0.44529
105172,2026-01-12,0.098286
105225,2026-01-12,0.264328
105261,2026-01-12,0.548459
105373,2026-01-12,0.054932
105953,2026-01-12,0.465087
106003,2026-01-12,0.157793
106464,2026-01-12,0.022158
106570,2026-01-12,0.085922
106709,2026-01-12,0.719814
100126,2026-01-13,0.697655
100252,2026-01-13,0.464044
100299,2026-01-13,0.216467
100327,2026-01-13,0.453882
100521,2026-01-13,0.650698
100693,2026-01-13,0.533116
101007,2026-01-13,0.601899
101008,2026-01-13,0.582228
101041,2026-01-13,0.193741
101154,2026-01-13,0.922472
101201,2026-01-13,0.375629
101223,2026-01-13,0.209658
101333,2026-01-13,0.017101
101379,2026-01-13,0.153073
101773,2026-01-13,0.399312
101826,2026-01-13,0.054059
102312,2026-01-13,0.071377
102414,2026-01-13,0.416012
102688,2026-01-13,0.174873
102828,2026-01-13,0.569775
102896,2026-01-13,0.30157
102906,2026-01-13,0.081803
103167,2026-01-13,0.495657
103295,2026-01-13,0.933534
103368,2026-01-13,0.629687
103464,2026-01-13,0.241261
103674,2026-01-13,0.060735
103745,2026-01-13,0.428184
103913,2026-01-13,0.211985
103961,2026-01-13,0.29185
104487,2026-01-13,0.233078
104733,2026-01-13,0.530006
104748,2026-01-13,0.491767
104859,2026-01-13,0.093067
104861,2026-01-13,0.234159
104863,2026-01-13,0.378001
104992,2026-01-13,0.578833
105024,2026-01-13,0.45677
105321,2026-01-13,0.514916
105574,2026-01-13,0.294444
105764,2026-01-13,0.427363
105977,2026-01-13,0.295818
106005,2026-01-13,0.404118
106064,2026-01-13,0.266816
106114,2026-01-13,0.207656
106117,2026-01-13,0.395561
106305,2026-01-13,0.207004
106398,2026-01-13,0.488626
106427,2026-01-13,0.045488
106479,2026-01-13,0.038597
106500,2026-01-13,0.162078
106527,2026-01-13,0.25541
106593,2026-01-13,0.148341
106708,2026-01-13,0.24279
106732,2026-01-13,0.272235
106764,2026-01-13,0.707725
100118,2026-01-14,0.074914
100365,2026-01-14,0.526603
100633,2026-01-14,0.946818
100817,2026-01-14,0.408151
101103,2026-01-14,0.294972
101120,2026-01-14,0.199342
101222,2026-01-14,0.311606
101318,2026-01-14,0.212083
101513,2026-01-14,0.185027
101639,2026-01-14,0.362385
101688,2026-01-14,0.496784
101795,2026-01-14,0.107088
102036,2026-01-14,0.065167
102193,2026-01-14,0.197314
102210,2026-01-14,0.40888
102253,2026-01-14,0.919765
102267,2026-01-14,0.510328
102298,2026-01-14,0.552532
102343,2026-01-14,0.560057
102366,2026-01-14,0.528384
102429,2026-01-14,0.19212
102502,2026-01-14,0.203755
102576,2026-01-14,0.884465
102638,2026-01-14,0.25942
102719,2026-01-14,0.145879
102834,2026-01-14,0.408911
102889,2026-01-14,0.193943
102907,2026-01-14,0.210452
102909,2026-01-14,0.18089
102950,2026-01-14,0.469062
103130,2026-01-14,0.243843
103142,2026-01-14,0.85782
103177,2026-01-14,0.426431
103245,2026-01-14,0.675147
103256,2026-01-14,0.359911
103342,2026-01-14,0.523807
103418,2026-01-14,0.109904
103534,2026-01-14,0.01567
103642,2026-01-14,0.245756
103697,2026-01-14,0.200962
103836,2026-01-14,0.220794
103962,2026-01-14,0.807689
103985,2026-01-14,0.536759
104106,2026-01-14,0.622552
104283,2026-01-14,0.105349
104335,2026-01-14,0.308035
104562,2026-01-14,0.348714
104881,2026-01-14,0.547894
105216,2026-01-14,0.012356
105319,2026-01-14,0.074245
105380,2026-01-14,0.155411
105477,2026-01-14,0.181479
105691,2026-01-14,0.278251
106082,2026-01-14,0.89086
106105,2026-01-14,0.165674
106125,2026-01-14,0.700774
106151,2026-01-14,0.023276
106260,2026-01-14,0.663464
106261,2026-01-14,0.364568
100048,2026-01-15,0.740531
100086,2026-01-15,0.862331
100206,2026-01-15,0.40291
100313,2026-01-15,0.726038
100494,2026-01-15,0.697817
100575,2026-01-15,0.161646
100589,2026-01-15,0.24377
100624,2026-01-15,0.313262
100826,2026-01-15,0.439373
101042,2026-01-15,0.250559
101262,2026-01-15,0.831841
101677,2026-01-15,0.465256
102089,2026-01-15,0.375172
102124,2026-01-15,0.454722
102438,2026-01-15,0.457856
102490,2026-01-15,0.060625
102515,2026-01-15,0.207143
102525,2026-01-15,0.103981
102624,2026-01-15,0.937756
102745,2026-01-15,0.729153
102818,2026-01-15,0.107517
102875,2026-01-15,0.2965
103279,2026-01-15,0.186239
103468,2026-01-15,0.262914
103580,2026-01-15,0.265376
103624,2026-01-15,0.101096
103654,2026-01-15,0.188601
103732,2026-01-15,0.88522
104108,2026-01-15,0.315524
104155,2026-01-15,0.334444
104295,2026-01-15,0.26926
104331,2026-01-15,0.476819
104342,2026-01-15,0.114076
104414,2026-01-15,0.091875
104418,2026-01-15,0.35843
104480,2026-01-15,0.591676
104498,2026-01-15,0.040124
104779,2026-01-15,0.077079
104780,2026-01-15,0.665404
104788,2026-01-15,0.311776
104954,2026-01-15,0.218625
105014,2026-01-15,0.471528
105126,2026-01-15,0.492358
105454,2026-01-15,0.134447
105466,2026-01-15,0.618674
105516,2026-01-15,0.528154
105666,2026-01-15,0.306783
105906,2026-01-15,0.08734
106147,2026-01-15,0.094454
106237,2026-01-15,0.046985
106299,2026-01-15,0.337474
106341,2026-01-15,0.698489
106567,2026-01-15,0.222114
106763,2026-01-15,0.942098
106778,2026-01-15,0.164924
100117,2026-01-16,0.119565
100340,2026-01-16,0.438517
100593,2026-01-16,0.091646
100620,2026-01-16,0.624232
100679,2026-01-16,0.911839
100698,2026-01-16,0.911089
100765,2026-01-16,0.314314
100831,2026-01-16,0.980453
100887,2026-01-16,0.4114
101182,2026-01-16,0.328333
101349,2026-01-16,0.380384
101408,2026-01-16,0.865824
101615,2026-01-16,0.111341
101643,2026-01-16,0.658976
101700,2026-01-16,0.472079
101701,2026-01-16,0.409908
101745,2026-01-16,0.043229
101908,2026-01-16,0.229723
102092,2026-01-16,0.552217
102173,2026-01-16,0.816589
102234,2026-01-16,0.214699
102309,2026-01-16,0.440061
102445,2026-01-16,0.166202
102517,2026-01-16,0.645121
102531,2026-01-16,0.042431
102550,2026-01-16,0.710259
102795,2026-01-16,0.65291
102912,2026-01-16,0.686531
102970,2026-01-16,0.923582
103070,2026-01-16,0.665768
103272,2026-01-16,0.449387
103290,2026-01-16,0.402231
103348,2026-01-16,0.353319
103377,2026-01-16,0.344829
103512,2026-01-16,0.674209
103601,2026-01-16,0.093828
103835,2026-01-16,0.036535
103875,2026-01-16,0.616248
104185,2026-01-16,0.363312
104232,2026-01-16,0.061103
104334,2026-01-16,0.354516
104718,2026-01-16,0.538331
104875,2026-01-16,0.875219
105012,2026-01-16,0.466246
105109,2026-01-16,0.476976
105187,2026-01-16,0.258769
105379,2026-01-16,0.162596
105443,2026-01-16,0.648787
105727,2026-01-16,0.390622
105817,2026-01-16,0.295135
106015,2026-01-16,0.085614
106129,2026-01-16,0.215183
106340,2026-01-16,0.53218
106609,2026-01-16,0.799904
106633,2026-01-16,0.186576
106681,2026-01-16,0.38046
106723,2026-01-16,0.65926
106780,2026-01-16,0.311463
100089,2026-01-17,0.841701
100263,2026-01-17,0.337974
100268,2026-01-17,0.398119
100321,2026-01-17,0.143014
100336,2026-01-17,0.41344
100512,2026-01-17,0.49612
100580,2026-01-17,0.926211
100604,2026-01-17,0.301084
100723,2026-01-17,0.303435
100915,2026-01-17,0.77536
101169,2026-01-17,0.298961
101306,2026-01-17,0.171744
101576,2026-01-17,0.556611
101657,2026-01-17,0.170158
101748,2026-01-17,0.145152
101887,2026-01-17,0.142464
102175,2026-01-17,0.654957
102329,2026-01-17,0.085002
102470,2026-01-17,0.203541
102578,2026-01-17,0.077906
102587,2026-01-17,0.633844
102631,2026-01-17,0.861729
102707,2026-01-17,0.53649
102738,2026-01-17,0.594638
102760,2026-01-17,0.622831
102765,2026-01-17,0.572074
102811,2026-01-17,0.320084
102933,2026-01-17,0.433162
103076,2026-01-17,0.80556
103182,2026-01-17,0.258674
103201,2026-01-17,0.370748
103224,2026-01-17,0.552528
103251,2026-01-17,0.147494
103293,2026-01-17,0.401339
103312,2026-01-17,0.951368
103495,2026-01-17,0.174601
103628,2026-01-17,0.122785
103715,2026-01-17,0.184815
103840,2026-01-17,0.911717
103959,2026-01-17,0.96881
104000,2026-01-17,0.72308
104043,2026-01-17,0.923341
104210,2026-01-17,0.468849
104256,2026-01-17,0.055895
104430,2026-01-17,0.180577
104489,2026-01-17,0.348715
104584,2026-01-17,0.209551
104746,2026-01-17,0.267792
105267,2026-01-17,0.04603
105356,2026-01-17,0.103962
105385,2026-01-17,0.210365
105489,2026-01-17,0.322213
105856,2026-01-17,0.178818
106070,2026-01-17,0.569132
106219,2026-01-17,0.239377
106257,2026-01-17,0.578221
106306,2026-01-17,0.928253
106317,2026-01-17,0.45183
106657,2026-01-17,0.407647
106781,2026-01-17,0.468135
100067,2026-01-18,0.383433
100138,2026-01-18,0.477611
100266,2026-01-18,0.361358
100438,2026-01-18,0.501344
100529,2026-01-18,0.191184
100711,2026-01-18,0.083447
100952,2026-01-18,0.072266
101289,2026-01-18,0.581038
101803,2026-01-18,0.060247
101883,2026-01-18,0.957709
101983,2026-01-18,0.851067
102033,2026-01-18,0.936408
102401,2026-01-18,0.821384
102439,2026-01-18,0.317338
102734,2026-01-18,0.425186
102903,2026-01-18,0.923917
103259,2026-01-18,0.511691
103407,2026-01-18,0.483986
103477,2026-01-18,0.388299
103539,2026-01-18,0.060285
103558,2026-01-18,0.33657
103762,2026-01-18,0.193892
103821,2026-01-18,0.792723
103841,2026-01-18,0.470934
103948,2026-01-18,0.044024
103956,2026-01-18,0.306643
103997,2026-01-18,0.77987
104037,2026-01-18,0.308769
104077,2026-01-18,0.549447
104081,2026-01-18,0.217091
104694,2026-01-18,0.032758
104810,2026-01-18,0.526512
104902,2026-01-18,0.461772
104929,2026-01-18,0.102034
104989,2026-01-18,0.4273
105046,2026-01-18,0.344479
105145,2026-01-18,0.301373
105205,2026-01-18,0.937382
105543,2026-01-18,0.489401
105562,2026-01-18,0.550445
105565,2026-01-18,0.066711
105585,2026-01-18,0.500876
105650,2026-01-18,0.559947
106033,2026-01-18,0.406501
106079,2026-01-18,0.344427
106113,2026-01-18,0.778423
106167,2026-01-18,0.268485
106311,2026-01-18,0.198806
106450,2026-01-18,0.414673
106523,2026-01-18,0.872446
106540,2026-01-18,0.145949
106666,2026-01-18,0.08949
106682,2026-01-18,0.122775
100128,2026-01-19,0.386057
100174,2026-01-19,0.038503
100235,2026-01-19,0.157274
100540,2026-01-19,0.059284
100876,2026-01-19,0.133284
100921,2026-01-19,0.555053
100999,2026-01-19,0.296748
101256,2026-01-19,0.178695
101400,2026-01-19,0.240246
101434,2026-01-19,0.216325
101481,2026-01-19,0.160285
101649,2026-01-19,0.211864
101664,2026-01-19,0.621202
101948,2026-01-19,0.408338
101959,2026-01-19,0.14706
102109,2026-01-19,0.164611
102379,2026-01-19,0.203594
102392,2026-01-19,0.425173
102405,2026-01-19,0.344669
102593,2026-01-19,0.254766
102614,2026-01-19,0.366431
102683,2026-01-19,0.140838
102690,2026-01-19,0.329083
103104,2026-01-19,0.682646
103119,2026-01-19,0.958046
103373,2026-01-19,0.219726
103584,2026-01-19,0.150187
103608,2026-01-19,0.588176
103665,2026-01-19,0.729878
103996,2026-01-19,0.148554
103999,2026-01-19,0.272098
104019,2026-01-19,0.676828
104084,2026-01-19,0.519769
104370,2026-01-19,0.43085
104440,2026-01-19,0.802117
104557,2026-01-19,0.350316
104759,2026-01-19,0.181149
104818,2026-01-19,0.077418
104829,2026-01-19,0.274038
104889,2026-01-19,0.318165
104897,2026-01-19,0.594021
104922,2026-01-19,0.762531
105175,2026-01-19,0.556093
105276,2026-01-19,0.225344
105284,2026-01-19,0.046458
105361,2026-01-19,0.143198
105386,2026-01-19,0.766006
105506,2026-01-19,0.249736
105592,2026-01-19,0.387251
105814,2026-01-19,0.707814
105881,2026-01-19,0.525168
106234,2026-01-19,0.149709
106394,2026-01-19,0.634147
106712,2026-01-19,0.492246
106735,2026-01-19,0.922292
106775,2026-01-19,0.220412
100148,2026-01-20,0.670676
100217,2026-01-20,0.34739
100282,2026-01-20,0.648752
100411,2026-01-20,0.394585
100601,2026-01-20,0.344108
101038,2026-01-20,0.147053
101091,2026-01-20,0.402717
101111,2026-01-20,0.039101
101238,2026-01-20,0.195975
101415,2026-01-20,0.195787
101728,2026-01-20,0.197857
101787,2026-01-20,0.124811
101796,2026-01-20,0.254851
101994,2026-01-20,0.085695
102049,2026-01-20,0.557728
102225,2026-01-20,0.739878
102394,2026-01-20,0.04387
102396,2026-01-20,0.45387
102449,2026-01-20,0.144024
102623,2026-01-20,0.835548
102659,2026-01-20,0.643213
102724,2026-01-20,0.298325
102820,2026-01-20,0.550798
103020,2026-01-20,0.352655
103127,2026-01-20,0.198485
103277,2026-01-20,0.658972
103301,2026-01-20,0.113331
103431,2026-01-20,0.320025
103488,2026-01-20,0.587513
103597,2026-01-20,0.181308
103689,2026-01-20,0.4666
103721,2026-01-20,0.124737
103765,2026-01-20,0.685003
104085,2026-01-20,0.710083
104322,2026-01-20,0.132499
104529,2026-01-20,0.094886
104567,2026-01-20,0.376171
104811,2026-01-20,0.618798
104894,2026-01-20,0.2717
105003,2026-01-20,0.936737
105498,2026-01-20,0.561174
105599,2026-01-20,0.536888
105643,2026-01-20,0.813214
105662,2026-01-20,0.256993
105769,2026-01-20,0.141076
105860,2026-01-20,0.093567
105919,2026-01-20,0.2809
106026,2026-01-20,0.060025
106097,2026-01-20,0.334353
106177,2026-01-20,0.79403
106307,2026-01-20,0.36419
106407,2026-01-20,0.63004
106483,2026-01-20,0.439481
106615,2026-01-20,0.113815
106669,2026-01-20,0.459789
106734,2026-01-20,0.444311
100352,2026-01-21,0.246662
100366,2026-01-21,0.195824
100400,2026-01-21,0.379225
100477,2026-01-21,0.056309
100518,2026-01-21,0.790947
100520,2026-01-21,0.287288
100606,2026-01-21,0.022065
100686,2026-01-21,0.350414
100768,2026-01-21,0.36878
100778,2026-01-21,0.225607
100790,2026-01-21,0.709549
100872,2026-01-21,0.528239
101244,2026-01-21,0.574022
101651,2026-01-21,0.752891
101708,2026-01-21,0.465834
101774,2026-01-21,0.414121
102010,2026-01-21,0.544287
102402,2026-01-21,0.924567
102733,2026-01-21,0.105382
102871,2026-01-21,0.396075
103056,2026-01-21,0.87126
103113,2026-01-21,0.21756
103406,2026-01-21,0.193881
103435,2026-01-21,0.75918
103863,2026-01-21,0.117519
103906,2026-01-21,0.370453
103954,2026-01-21,0.020374
103982,2026-01-21,0.077612
104140,2026-01-21,0.473672
104288,2026-01-21,0.073869
104399,2026-01-21,0.267597
104813,2026-01-21,0.633666
104820,2026-01-21,0.339546
104821,2026-01-21,0.676405
104975,2026-01-21,0.471641
105079,2026-01-21,0.200311
105353,2026-01-21,0.726889
105488,2026-01-21,0.501371
105690,2026-01-21,0.147771
105732,2026-01-21,0.489707
105911,2026-01-21,0.677486
105991,2026-01-21,0.206564
106100,2026-01-21,0.101508
106336,2026-01-21,0.090303
106344,2026-01-21,0.208339
106478,2026-01-21,0.149596
106481,2026-01-21,0.722937
106525,2026-01-21,0.426391
106606,2026-01-21,0.754446
106617,2026-01-21,0.440383
100003,2026-01-22,0.393751
100084,2026-01-22,0.113256
100153,2026-01-22,0.525116
100236,2026-01-22,0.28819
100332,2026-01-22,0.297385
100707,2026-01-22,0.080808
100710,2026-01-22,0.365708
100815,2026-01-22,0.130226
100850,2026-01-22,0.657343
101012,2026-01-22,0.870871
101079,2026-01-22,0.488822
101109,2026-01-22,0.233244
101161,2026-01-22,0.195867
101422,2026-01-22,0.101408
101528,2026-01-22,0.438479
101761,2026-01-22,0.132896
101801,2026-01-22,0.336793
101980,2026-01-22,0.91529
102164,2026-01-22,0.204872
102362,2026-01-22,0.302161
102364,2026-01-22,0.267866
102694,2026-01-22,0.213424
102798,2026-01-22,0.303218
102920,2026-01-22,0.36848
102979,2026-01-22,0.26824
103184,2026-01-22,0.250553
103323,2026-01-22,0.143463
103859,2026-01-22,0.534024
103872,2026-01-22,0.451787
103916,2026-01-22,0.584778
104174,2026-01-22,0.236131
104198,2026-01-22,0.109647
104252,2026-01-22,0.194092
104396,2026-01-22,0.35671
104713,2026-01-22,0.323355
104757,2026-01-22,0.178297
104896,2026-01-22,0.326995
105125,2026-01-22,0.164456
105167,2026-01-22,0.167645
105186,2026-01-22,0.934932
105308,2026-01-22,0.326116
105595,2026-01-22,0.252851
105646,2026-01-22,0.417725
105680,2026-01-22,0.917878
105687,2026-01-22,0.112885
105897,2026-01-22,0.373959
106220,2026-01-22,0.475674
106243,2026-01-22,0.599105
106455,2026-01-22,0.233202
106640,2026-01-22,0.157768
100145,2026-01-23,0.725671
100161,2026-01-23,0.363377
100207,2026-01-23,0.204281
100338,2026-01-23,0.488657
100423,2026-01-23,0.318805
100462,2026-01-23,0.251038
100484,2026-01-23,0.012535
100607,2026-01-23,0.292159
101011,2026-01-23,0.282478
101069,2026-01-23,0.529322
101369,2026-01-23,0.226701
101403,2026-01-23,0.305101
101409,2026-01-23,0.832185
101556,2026-01-23,0.593342
101672,2026-01-23,0.061555
101946,2026-01-23,0.904894
102129,2026-01-23,0.669691
102176,2026-01-23,0.913138
102196,2026-01-23,0.838468
102247,2026-01-23,0.152819
102290,2026-01-23,0.863698
103275,2026-01-23,0.451483
103286,2026-01-23,0.585376
103330,2026-01-23,0.695604
103528,2026-01-23,0.84743
103691,2026-01-23,0.131869
103755,2026-01-23,0.755879
103782,2026-01-23,0.236164
103838,2026-01-23,0.761247
104187,2026-01-23,0.732896
104208,2026-01-23,0.322832
104620,2026-01-23,0.386538
104676,2026-01-23,0.098833
104707,2026-01-23,0.31735
104709,2026-01-23,0.241568
104774,2026-01-23,0.642047
104781,2026-01-23,0.222233
104900,2026-01-23,0.341444
104961,2026-01-23,0.2549
105208,2026-01-23,0.333709
105260,2026-01-23,0.176827
105409,2026-01-23,0.188689
105527,2026-01-23,0.184546
105544,2026-01-23,0.36773
105576,2026-01-23,0.162
105629,2026-01-23,0.659223
105956,2026-01-23,0.147619
105974,2026-01-23,0.878502
106031,2026-01-23,0.541691
106225,2026-01-23,0.669842
106247,2026-01-23,0.111866
106358,2026-01-23,0.092307
106688,2026-01-23,0.36681
100246,2026-01-24,0.794369
100293,2026-01-24,0.734377
100433,2026-01-24,0.754823
100458,2026-01-24,0.337301
100685,2026-01-24,0.880336
101293,2026-01-24,0.433385
101321,2026-01-24,0.773909
101323,2026-01-24,0.11786
101444,2026-01-24,0.221507
101678,2026-01-24,0.075365
101726,2026-01-24,0.382788
101762,2026-01-24,0.054749
101829,2026-01-24,0.228255
101987,2026-01-24,0.969191
101997,2026-01-24,0.386625
101999,2026-01-24,0.475146
102125,2026-01-24,0.178976
102495,2026-01-24,0.052675
102816,2026-01-24,0.499449
102892,2026-01-24,0.217277
103036,2026-01-24,0.385488
103066,2026-01-24,0.086154
103339,2026-01-24,0.247545
103460,2026-01-24,0.534391
103640,2026-01-24,0.570564
103936,2026-01-24,0.169449
104096,2026-01-24,0.391039
104131,2026-01-24,0.081061
104203,2026-01-24,0.265926
104269,2026-01-24,0.030462
104299,2026-01-24,0.162325
104434,2026-01-24,0.041648
104467,2026-01-24,0.431679
104499,2026-01-24,0.106131
104613,2026-01-24,0.619272
104727,2026-01-24,0.623629
104729,2026-01-24,0.309197
104768,2026-01-24,0.528165
104888,2026-01-24,0.109322
105130,2026-01-24,0.046502
105293,2026-01-24,0.304111
105324,2026-01-24,0.305665
105493,2026-01-24,0.098969
105705,2026-01-24,0.082561
105723,2026-01-24,0.297219
105775,2026-01-24,0.549988
105778,2026-01-24,0.845155
105822,2026-01-24,0.451071
105862,2026-01-24,0.239205
105908,2026-01-24,0.238743
105921,2026-01-24,0.32281
105964,2026-01-24,0.102489
106075,2026-01-24,0.7062
106170,2026-01-24,0.328691
106172,2026-01-24,0.916618
106463,2026-01-24,0.409545
106565,2026-01-24,0.189698
106655,2026-01-24,0.591611
106729,2026-01-24,0.303938
106783,2026-01-24,0.38232
100297,2026-01-25,0.067397
100304,2026-01-25,0.142366
100393,2026-01-25,0.180472
100495,2026-01-25,0.238169
100535,2026-01-25,0.405113
100714,2026-01-25,0.20095
100727,2026-01-25,0.220277
100794,2026-01-25,0.50468
100832,2026-01-25,0.226671
100936,2026-01-25,0.183257
100945,2026-01-25,0.516189
100981,2026-01-25,0.434058
101248,2026-01-25,0.446359
101285,2026-01-25,0.285687
101438,2026-01-25,0.357604
101463,2026-01-25,0.491672
101543,2026-01-25,0.295913
101558,2026-01-25,0.12448
101636,2026-01-25,0.450972
101674,2026-01-25,0.611467
101687,2026-01-25,0.701207
101718,2026-01-25,0.073732
101922,2026-01-25,0.507894
101978,2026-01-25,0.404521
102099,2026-01-25,0.202333
102337,2026-01-25,0.211061
102346,2026-01-25,0.058994
102418,2026-01-25,0.661075
102508,2026-01-25,0.373665
102520,2026-01-25,0.113365
102812,2026-01-25,0.291987
102843,2026-01-25,0.772249
102937,2026-01-25,0.262736
103012,2026-01-25,0.073961
103385,2026-01-25,0.171912
103450,2026-01-25,0.242752
103530,2026-01-25,0.283179
103644,2026-01-25,0.13158
103682,2026-01-25,0.418462
103808,2026-01-25,0.773733
103910,2026-01-25,0.231044
103955,2026-01-25,0.229074
104116,2026-01-25,0.14484
104323,2026-01-25,0.378721
104379,2026-01-25,0.943805
104393,2026-01-25,0.135952
104405,2026-01-25,0.508348
104702,2026-01-25,0.610349
104890,2026-01-25,0.749262
105201,2026-01-25,0.460496
105424,2026-01-25,0.653594
105661,2026-01-25,0.398118
105713,2026-01-25,0.314285
106011,2026-01-25,0.377806
106043,2026-01-25,0.378283
106156,2026-01-25,0.243668
106589,2026-01-25,0.782134
106787,2026-01-25,0.16654
100040,2026-01-26,0.15273
100189,2026-01-26,0.617126
100378,2026-01-26,0.35239
100439,2026-01-26,0.20498
100738,2026-01-26,0.149139
100804,2026-01-26,0.169557
100906,2026-01-26,0.166963
100922,2026-01-26,0.254468
101130,2026-01-26,0.19308
101236,2026-01-26,0.229362
101317,2026-01-26,0.325939
101442,2026-01-26,0.296844
101474,2026-01-26,0.605078
101770,2026-01-26,0.516692
102030,2026-01-26,0.077857
102138,2026-01-26,0.270295
102229,2026-01-26,0.086241
102283,2026-01-26,0.78947
102411,2026-01-26,0.489535
102482,2026-01-26,0.350568
102496,2026-01-26,0.53855
102505,2026-01-26,0.030838
102557,2026-01-26,0.054722
102677,2026-01-26,0.145845
102729,2026-01-26,0.197221
102789,2026-01-26,0.857261
102952,2026-01-26,0.892567
103048,2026-01-26,0.240073
103052,2026-01-26,0.096904
103090,2026-01-26,0.58038
103133,2026-01-26,0.182403
103159,2026-01-26,0.65123
103400,2026-01-26,0.33787
103536,2026-01-26,0.282107
103579,2026-01-26,0.479818
103679,2026-01-26,0.39571
103735,2026-01-26,0.321145
103767,2026-01-26,0.336468
103876,2026-01-26,0.093079
103890,2026-01-26,0.787286
104137,2026-01-26,0.060731
104244,2026-01-26,0.524929
104253,2026-01-26,0.05404
104302,2026-01-26,0.074914
104556,2026-01-26,0.693469
104631,2026-01-26,0.832903
104981,2026-01-26,0.945558
105084,2026-01-26,0.302912
105114,2026-01-26,0.350151
105178,2026-01-26,0.505128
105211,2026-01-26,0.321522
105413,2026-01-26,0.876604
105577,2026-01-26,0.202376
105655,2026-01-26,0.178306
105703,2026-01-26,0.342286
105824,2026-01-26,0.553851
105957,2026-01-26,0.598359
106018,2026-01-26,0.109519
106066,2026-01-26,0.152097
106323,2026-01-26,0.499622
106433,2026-01-26,0.128925
106472,2026-01-26,0.954006
106512,2026-01-26,0.597976
106563,2026-01-26,0.228937
106610,2026-01-26,0.324121
100112,2026-01-27,0.418867
100330,2026-01-27,0.479653
100504,2026-01-27,0.396013
100539,2026-01-27,0.72352
100566,2026-01-27,0.306957
100705,2026-01-27,0.453967
100709,2026-01-27,0.760689
100737,2026-01-27,0.567
100846,2026-01-27,0.15875
100856,2026-01-27,0.319684
100956,2026-01-27,0.412
100977,2026-01-27,0.24174
101084,2026-01-27,0.369292
101202,2026-01-27,0.328414
101260,2026-01-27,0.530051
101275,2026-01-27,0.069789
101579,2026-01-27,0.55193
101581,2026-01-27,0.139747
102235,2026-01-27,0.032752
102303,2026-01-27,0.305773
102342,2026-01-27,0.122766
102348,2026-01-27,0.80458
102486,2026-01-27,0.292884
102545,2026-01-27,0.308935
102564,2026-01-27,0.606486
102670,2026-01-27,0.698501
103017,2026-01-27,0.435509
103024,2026-01-27,0.528934
103264,2026-01-27,0.307675
103799,2026-01-27,0.591459
103834,2026-01-27,0.066515
103851,2026-01-27,0.422893
103941,2026-01-27,0.689535
104026,2026-01-27,0.734962
104039,2026-01-27,0.33783
104261,2026-01-27,0.649283
104577,2026-01-27,0.64837
104650,2026-01-27,0.324309
104766,2026-01-27,0.125924
104816,2026-01-27,0.441989
104827,2026-01-27,0.933177
105340,2026-01-27,0.267745
105549,2026-01-27,0.774539
105694,2026-01-27,0.580552
105741,2026-01-27,0.240811
106222,2026-01-27,0.669588
106397,2026-01-27,0.143937
106626,2026-01-27,0.512621
106684,2026-01-27,0.135834
106710,2026-01-27,0.311403
100061,2026-01-28,0.199646
100253,2026-01-28,0.689946
100275,2026-01-28,0.5727
100440,2026-01-28,0.471211
100534,2026-01-28,0.626852
100584,2026-01-28,0.327575
100602,2026-01-28,0.904848
100608,2026-01-28,0.521339
100640,2026-01-28,0.728195
100754,2026-01-28,0.608108
100867,2026-01-28,0.289568
100969,2026-01-28,0.56954
100989,2026-01-28,0.427739
101197,2026-01-28,0.822962
101561,2026-01-28,0.074805
101714,2026-01-28,0.379668
101767,2026-01-28,0.184704
101775,2026-01-28,0.491374
101931,2026-01-28,0.169055
102370,2026-01-28,0.154529
102444,2026-01-28,0.318012
102464,2026-01-28,0.125813
102702,2026-01-28,0.297907
102720,2026-01-28,0.299905
103026,2026-01-28,0.135251
103138,2026-01-28,0.794142
103200,2026-01-28,0.369045
103604,2026-01-28,0.48295
103649,2026-01-28,0.295152
103656,2026-01-28,0.022543
103714,2026-01-28,0.629374
103903,2026-01-28,0.377913
104017,2026-01-28,0.547555
104050,2026-01-28,0.660534
104074,2026-01-28,0.059439
104278,2026-01-28,0.289734
104439,2026-01-28,0.561999
104441,2026-01-28,0.277453
104482,2026-01-28,0.726867
104876,2026-01-28,0.253523
104892,2026-01-28,0.149453
104973,2026-01-28,0.453709
105039,2026-01-28,0.492631
105198,2026-01-28,0.172906
105221,2026-01-28,0.507281
105266,2026-01-28,0.113913
105607,2026-01-28,0.267044
105644,2026-01-28,0.342595
105975,2026-01-28,0.249513
106389,2026-01-28,0.058863
106504,2026-01-28,0.358509
106695,2026-01-28,0.08408
106784,2026-01-28,0.157103
100034,2026-01-29,0.262057
100510,2026-01-29,0.368502
100756,2026-01-29,0.094263
100880,2026-01-29,0.231471
100953,2026-01-29,0.140191
101106,2026-01-29,0.722742
101126,2026-01-29,0.315376
101162,2026-01-29,0.511035
101478,2026-01-29,0.247378
101536,2026-01-29,0.093588
101934,2026-01-29,0.135984
102116,2026-01-29,0.440377
102221,2026-01-29,0.290047
102240,2026-01-29,0.156172
102320,2026-01-29,0.180167
102321,2026-01-29,0.326041
102714,2026-01-29,0.721717
102770,2026-01-29,0.409153
102782,2026-01-29,0.45701
102944,2026-01-29,0.80194
102954,2026-01-29,0.3669
103098,2026-01-29,0.879882
103552,2026-01-29,0.180653
103698,2026-01-29,0.766122
103704,2026-01-29,0.09582
103739,2026-01-29,0.369311
103832,2026-01-29,0.882166
103852,2026-01-29,0.492829
104058,2026-01-29,0.514774
104355,2026-01-29,0.45963
104462,2026-01-29,0.684912
104607,2026-01-29,0.840983
104619,2026-01-29,0.07241
104649,2026-01-29,0.245218
104743,2026-01-29,0.81921
104806,2026-01-29,0.023106
104884,2026-01-29,0.171823
105200,2026-01-29,0.572754
105282,2026-01-29,0.108654
105510,2026-01-29,0.538055
105570,2026-01-29,0.585141
105589,2026-01-29,0.447494
105636,2026-01-29,0.552936
105771,2026-01-29,0.055413
106095,2026-01-29,0.812884
106104,2026-01-29,0.884162
106122,2026-01-29,0.153063
106182,2026-01-29,0.117711
106324,2026-01-29,0.113045
106411,2026-01-29,0.557036
106417,2026-01-29,0.052871
106465,2026-01-29,0.640777
106794,2026-01-29,0.20511
100317,2026-01-30,0.284194
100519,2026-01-30,0.895895
100619,2026-01-30,0.515319
100635,2026-01-30,0.534139
100883,2026-01-30,0.325747
100920,2026-01-30,0.113633
100959,2026-01-30,0.103099
100975,2026-01-30,0.038954
101177,2026-01-30,0.863072
101436,2026-01-30,0.178977
101771,2026-01-30,0.590074
101817,2026-01-30,0.058992
101889,2026-01-30,0.74341
101904,2026-01-30,0.154371
101966,2026-01-30,0.931872
102147,2026-01-30,0.230768
102208,2026-01-30,0.232255
102469,2026-01-30,0.510605
102703,2026-01-30,0.477972
102710,2026-01-30,0.365189
102722,2026-01-30,0.342852
102793,2026-01-30,0.440984
102801,2026-01-30,0.247175
102965,2026-01-30,0.306538
103069,2026-01-30,0.223549
103269,2026-01-30,0.409895
103335,2026-01-30,0.09929
103451,2026-01-30,0.458411
103606,2026-01-30,0.664048
103616,2026-01-30,0.692153
103788,2026-01-30,0.203231
103918,2026-01-30,0.516458
104023,2026-01-30,0.373215
104049,2026-01-30,0.028982
104175,2026-01-30,0.443234
104239,2026-01-30,0.384713
104285,2026-01-30,0.186994
104413,2026-01-30,0.344983
104496,2026-01-30,0.63487
104637,2026-01-30,0.342027
104671,2026-01-30,0.565046
104672,2026-01-30,0.743265
104698,2026-01-30,0.099539
104701,2026-01-30,0.304989
104776,2026-01-30,0.291849
104874,2026-01-30,0.715506
105015,2026-01-30,0.486446
105030,2026-01-30,0.614551
105138,2026-01-30,0.731529
105277,2026-01-30,0.772518
105436,2026-01-30,0.75328
105899,2026-01-30,0.085315
106084,2026-01-30,0.681342
106290,2026-01-30,0.783044
106375,2026-01-30,0.772774
106522,2026-01-30,0.551238
106582,2026-01-30,0.324145
106594,2026-01-30,0.226197
106660,2026-01-30,0.56007
100641,2026-01-31,0.789175
100650,2026-01-31,0.801072
100658,2026-01-31,0.18184
100745,2026-01-31,0.081865
100792,2026-01-31,0.333151
100793,2026-01-31,0.490323
100874,2026-01-31,0.462249
100902,2026-01-31,0.347336
100948,2026-01-31,0.185877
101082,2026-01-31,0.943319
101137,2026-01-31,0.647157
101230,2026-01-31,0.420117
101432,2026-01-31,0.241862
101459,2026-01-31,0.158314
101548,2026-01-31,0.390625
101655,2026-01-31,0.096552
101733,2026-01-31,0.24189
101849,2026-01-31,0.055374
101973,2026-01-31,0.493155
102215,2026-01-31,0.07638
102762,2026-01-31,0.301938
102925,2026-01-31,0.247184
103097,2026-01-31,0.484222
103110,2026-01-31,0.340069
103291,2026-01-31,0.16643
103500,2026-01-31,0.329732
103647,2026-01-31,0.101968
103678,2026-01-31,0.374649
103846,2026-01-31,0.109154
103856,2026-01-31,0.58392
104068,2026-01-31,0.206156
104073,2026-01-31,0.500674
104318,2026-01-31,0.593341
104614,2026-01-31,0.656352
104720,2026-01-31,0.770862
104898,2026-01-31,0.583556
104978,2026-01-31,0.263183
105047,2026-01-31,0.098851
105063,2026-01-31,0.660013
105209,2026-01-31,0.100333
105215,2026-01-31,0.251597
105352,2026-01-31,0.304425
105572,2026-01-31,0.686804
105782,2026-01-31,0.045994
105789,2026-01-31,0.092192
106178,2026-01-31,0.772367
106285,2026-01-31,0.862063
106592,2026-01-31,0.346067
106595,2026-01-31,0.522795
106789,2026-01-31,0.669169
